,사고번호,사고일시,요일,시군구,사고내용,사망자수,중상자수,경상자수,부상신고자수,사고유형,법규위반,노면상태,기상상태,도로형태,가해운전자 차종,가해운전자 성별,가해운전자 연령,가해운전자 상해정도,피해운전자 차종,피해운전자 성별,피해운전자 연령,피해운전자 상해정도
514,2021071400100052,2021년 7월 14일 06시,수요일,충청북도 청주시 청원구 내수읍,중상사고,0,1,0,0,차대사람 - 기타,안전운전불이행,포장 - 건조,맑음,교차로 - 교차로부근,승합,남,47세,상해없음,보행자,여,63세,중상
515,2021071400100072,2021년 7월 14일 07시,수요일,충청북도 음성군 맹동면,경상사고,0,0,1,0,차대사람 - 횡단중,보행자보호의무위반,포장 - 건조,맑음,교차로 - 교차로부근,승용,여,54세,상해없음,보행자,남,55세,경상
516,2021071400100596,2021년 7월 14일 22시,수요일,충청북도 청주시 청원구 우암동,경상사고,0,0,1,0,차대사람 - 기타,안전운전불이행,포장 - 건조,맑음,교차로 - 교차로부근,승용,남,29세,상해없음,보행자,남,60세,경상
517,2021071500100028,2021년 7월 15일 04시,목요일,충청북도 청주시 흥덕구 송정동,사망사고,1,0,0,0,차대사람 - 기타,안전운전불이행,포장 - 건조,맑음,단일로 - 기타,화물,남,30세,상해없음,보행자,남,43세,사망
518,2021071500100231,2021년 7월 15일 12시,목요일,충청북도 청주시 상당구 문의면,경상사고,0,0,2,0,차대사람 - 기타,안전운전불이행,포장 - 건조,맑음,단일로 - 기타,승용,남,68세,경상,보행자,남,34세,경상
519,2021071500100266,2021년 7월 15일 13시,목요일,충청북도 충주시 봉방동,부상신고사고,0,0,0,1,차대사람 - 기타,안전운전불이행,포장 - 건조,맑음,기타 - 기타,화물,남,35세,기타불명,보행자,남,31세,부상신고
520,2021071500100471,2021년 7월 15일 18시,목요일,충청북도 청주시 서원구 분평동,경상사고,0,0,1,0,차대사람 - 횡단중,보행자보호의무위반,포장 - 건조,맑음,단일로 - 기타,승용,남,39세,상해없음,보행자,여,18세,경상
521,2021071500100564,2021년 7월 15일 21시,목요일,충청북도 제천시 청전동,경상사고,0,0,1,0,차대사람 - 차도통행중,안전운전불이행,포장 - 건조,흐림,교차로 - 교차로안,승용,남,48세,상해없음,보행자,남,43세,경상
522,2021071600100080,2021년 7월 16일 08시,금요일,충청북도 청주시 청원구 율량동,경상사고,0,0,1,0,차대사람 - 기타,안전운전불이행,포장 - 건조,맑음,기타 - 기타,승용,남,48세,상해없음,보행자,남,58세,경상
523,2021071600100119,2021년 7월 16일 09시,금요일,충청북도 제천시 영천동,중상사고,0,1,0,0,차대사람 - 횡단중,안전운전불이행,포장 - 건조,맑음,단일로 - 지하차도(도로)내,승용,남,80세,상해없음,보행자,여,81세,중상
524,2021071800100056,2021년 7월 18일 08시,일요일,충청북도 옥천군 이원면,사망사고,1,0,0,0,차대사람 - 기타,안전운전불이행,포장 - 건조,맑음,교차로 - 교차로부근,화물,남,67세,상해없음,보행자,남,57세,사망
525,2021071900100456,2021년 7월 19일 18시,월요일,충청북도 청주시 흥덕구 옥산면,중상사고,0,1,0,0,차대사람 - 횡단중,안전운전불이행,포장 - 건조,맑음,교차로 - 교차로안,화물,남,54세,상해없음,보행자,남,7세,중상
526,2021071900100558,2021년 7월 19일 21시,월요일,충청북도 청주시 상당구 금천동,중상사고,0,1,0,0,차대사람 - 기타,신호위반,포장 - 건조,맑음,교차로 - 교차로횡단보도내,개인형이동수단(PM),남,57세,상해없음,보행자,여,72세,중상
527,2021072000100202,2021년 7월 20일 12시,화요일,충청북도 청주시 흥덕구 비하동,경상사고,0,0,1,0,차대사람 - 기타,안전운전불이행,포장 - 건조,맑음,단일로 - 기타,화물,남,61세,상해없음,보행자,남,27세,경상
528,2021072100100032,2021년 7월 21일 05시,수요일,충청북도 청주시 청원구 오창읍,사망사고,1,0,0,0,차대사람 - 횡단중,안전운전불이행,포장 - 건조,맑음,교차로 - 교차로횡단보도내,승용,남,38세,상해없음,보행자,여,85세,사망
529,2021072100100064,2021년 7월 21일 07시,수요일,충청북도 음성군 소이면,중상사고,0,1,0,0,차대사람 - 차도통행중,안전운전불이행,포장 - 건조,맑음,교차로 - 교차로안,승용,남,59세,상해없음,보행자,여,78세,중상
530,2021072100100259,2021년 7월 21일 12시,수요일,충청북도 제천시 영천동,중상사고,0,1,0,0,차대사람 - 기타,과속,포장 - 건조,맑음,기타 - 기타,승합,여,28세,상해없음,보행자,남,69세,중상
531,2021072100100369,2021년 7월 21일 15시,수요일,충청북도 청주시 서원구 개신동,경상사고,0,0,1,0,차대사람 - 횡단중,안전운전불이행,포장 - 건조,맑음,교차로 - 교차로안,승용,여,46세,기타불명,보행자,여,8세,경상
532,2021072200100131,2021년 7월 22일 09시,목요일,충청북도 청주시 청원구 율량동,중상사고,0,1,0,0,차대사람 - 횡단중,보행자보호의무위반,포장 - 건조,맑음,교차로 - 교차로횡단보도내,승용,남,40세,상해없음,보행자,여,72세,중상
533,2021072200100532,2021년 7월 22일 19시,목요일,충청북도 청주시 서원구 사창동,경상사고,0,0,1,0,차대사람 - 기타,신호위반,포장 - 건조,맑음,단일로 - 기타,이륜,남,26세,기타불명,보행자,남,49세,경상
534,2021072300100437,2021년 7월 23일 17시,금요일,충청북도 청주시 서원구 사창동,경상사고,0,0,1,0,차대사람 - 기타,안전운전불이행,포장 - 건조,맑음,기타 - 기타,승용,남,44세,상해없음,보행자,여,14세,경상
535,2021072300100608,2021년 7월 23일 21시,금요일,충청북도 청주시 상당구 용암동,경상사고,0,0,1,0,차대사람 - 기타,안전운전불이행,포장 - 건조,맑음,단일로 - 기타,개인형이동수단(PM),남,32세,상해없음,보행자,남,40세,경상
536,2021072300100657,2021년 7월 23일 23시,금요일,충청북도 청주시 청원구 율량동,경상사고,0,0,1,0,차대사람 - 보도통행중,안전운전불이행,포장 - 건조,맑음,교차로 - 교차로부근,승용,남,38세,상해없음,보행자,남,48세,경상
537,2021072400100026,2021년 7월 24일 03시,토요일,충청북도 청주시 상당구 용암동,경상사고,0,0,1,0,차대사람 - 횡단중,신호위반,포장 - 건조,맑음,교차로 - 교차로횡단보도내,이륜,남,18세,상해없음,보행자,여,67세,경상
538,2021072400100364,2021년 7월 24일 16시,토요일,충청북도 청주시 서원구 산남동,중상사고,0,1,0,0,차대사람 - 횡단중,보행자보호의무위반,포장 - 건조,맑음,교차로 - 교차로횡단보도내,화물,남,39세,상해없음,보행자,여,45세,중상
539,2021072500100013,2021년 7월 25일 01시,일요일,충청북도 청주시 서원구 사창동,경상사고,0,0,1,0,차대사람 - 기타,안전운전불이행,포장 - 건조,맑음,기타 - 기타,승용,남,25세,상해없음,보행자,여,27세,경상
540,2021072500100081,2021년 7월 25일 10시,일요일,충청북도 옥천군 군북면,중상사고,0,1,0,0,차대사람 - 기타,안전운전불이행,포장 - 건조,맑음,단일로 - 기타,승합,남,61세,상해없음,보행자,여,90세,중상
541,2021072600100081,2021년 7월 26일 08시,월요일,충청북도 제천시 고암동,사망사고,1,0,0,0,차대사람 - 기타,중앙선침범,포장 - 건조,맑음,교차로 - 교차로부근,승용,남,29세,상해없음,보행자,남,77세,사망
542,2021072600100118,2021년 7월 26일 09시,월요일,충청북도 청주시 청원구 내수읍,중상사고,0,1,0,0,차대사람 - 기타,안전운전불이행,포장 - 건조,맑음,단일로 - 기타,이륜,남,33세,상해없음,보행자,여,56세,중상
543,2021072600100119,2021년 7월 26일 09시,월요일,충청북도 청주시 상당구 금천동,경상사고,0,0,1,0,차대사람 - 길가장자리구역통행중,안전운전불이행,포장 - 건조,맑음,단일로 - 기타,승용,여,43세,상해없음,보행자,여,36세,경상
544,2021072600100156,2021년 7월 26일 10시,월요일,충청북도 제천시 서부동,경상사고,0,0,1,0,차대사람 - 횡단중,보행자보호의무위반,포장 - 건조,맑음,교차로 - 교차로안,화물,남,80세,상해없음,보행자,여,67세,경상
545,2021072600100567,2021년 7월 26일 20시,월요일,충청북도 청주시 흥덕구 가경동,경상사고,0,0,1,0,차대사람 - 횡단중,보행자보호의무위반,포장 - 건조,맑음,교차로 - 교차로횡단보도내,승용,남,65세,상해없음,보행자,여,17세,경상
546,2021072600100588,2021년 7월 26일 21시,월요일,충청북도 충주시 성서동,경상사고,0,0,1,0,차대사람 - 기타,안전운전불이행,포장 - 건조,맑음,단일로 - 기타,개인형이동수단(PM),남,28세,상해없음,보행자,여,46세,경상
547,2021072700100212,2021년 7월 27일 11시,화요일,충청북도 청주시 서원구 모충동,경상사고,0,0,1,0,차대사람 - 횡단중,안전운전불이행,포장 - 건조,맑음,교차로 - 교차로횡단보도내,승용,남,71세,상해없음,보행자,남,70세,경상
548,2021072700100428,2021년 7월 27일 17시,화요일,충청북도 보은군 보은읍,중상사고,0,2,2,0,차대사람 - 길가장자리구역통행중,안전운전불이행,포장 - 건조,맑음,단일로 - 기타,승용,남,70세,상해없음,보행자,여,87세,경상
549,2021072700100525,2021년 7월 27일 19시,화요일,충청북도 청주시 흥덕구 가경동,경상사고,0,0,2,0,차대사람 - 횡단중,보행자보호의무위반,포장 - 건조,맑음,교차로 - 교차로횡단보도내,승용,여,52세,상해없음,보행자,여,45세,경상
550,2021072800100124,2021년 7월 28일 09시,수요일,충청북도 진천군 덕산읍,중상사고,0,1,0,0,차대사람 - 차도통행중,안전운전불이행,포장 - 건조,맑음,단일로 - 기타,승용,여,50세,상해없음,보행자,여,65세,중상
551,2021072800100159,2021년 7월 28일 10시,수요일,충청북도 진천군 진천읍,중상사고,0,1,0,0,차대사람 - 횡단중,보행자보호의무위반,포장 - 건조,맑음,단일로 - 기타,승합,남,51세,상해없음,보행자,남,87세,중상
552,2021072800100561,2021년 7월 28일 21시,수요일,충청북도 진천군 덕산읍,중상사고,0,1,0,0,차대사람 - 횡단중,신호위반,포장 - 건조,맑음,교차로 - 교차로안,승용,남,28세,상해없음,보행자,남,50세,중상
553,2021072800100605,2021년 7월 28일 23시,수요일,충청북도 청주시 흥덕구 비하동,경상사고,0,0,1,0,차대사람 - 기타,안전운전불이행,포장 - 건조,맑음,교차로 - 교차로횡단보도내,승용,남,24세,상해없음,보행자,남,62세,경상
554,2021072900100077,2021년 7월 29일 08시,목요일,충청북도 옥천군 옥천읍,경상사고,0,0,1,0,차대사람 - 차도통행중,안전운전불이행,포장 - 건조,맑음,교차로 - 교차로부근,화물,남,55세,상해없음,보행자,여,89세,경상
555,2021073000100079,2021년 7월 30일 08시,금요일,충청북도 충주시 성남동,경상사고,0,0,1,0,차대사람 - 기타,보행자보호의무위반,포장 - 건조,맑음,교차로 - 교차로부근,승용,남,60세,상해없음,보행자,여,20세,경상
556,2021073000100298,2021년 7월 30일 14시,금요일,충청북도 진천군 광혜원면,중상사고,0,1,0,0,차대사람 - 기타,안전운전불이행,포장 - 건조,맑음,주차장 - 주차장,승용,여,51세,상해없음,보행자,남,54세,중상
557,2021073000100364,2021년 7월 30일 16시,금요일,충청북도 청주시 흥덕구 복대동,경상사고,0,0,1,0,차대사람 - 기타,안전운전불이행,포장 - 건조,맑음,단일로 - 기타,개인형이동수단(PM),여,23세,상해없음,보행자,남,8세,경상
558,2021073000100408,2021년 7월 30일 17시,금요일,충청북도 충주시 중앙탑면,경상사고,0,0,2,0,차대사람 - 횡단중,신호위반,포장 - 건조,맑음,단일로 - 기타,승용,남,56세,상해없음,보행자,여,9세,경상
559,2021080200100100,2021년 8월 2일 09시,월요일,충청북도 제천시 금성면,경상사고,0,0,1,0,차대사람 - 차도통행중,안전운전불이행,포장 - 건조,맑음,기타 - 기타,화물,남,71세,상해없음,보행자,여,89세,경상
560,2021080200100384,2021년 8월 2일 17시,월요일,충청북도 청주시 흥덕구 봉명동,경상사고,0,0,1,0,차대사람 - 기타,안전운전불이행,포장 - 건조,맑음,교차로 - 교차로안,승용,남,65세,상해없음,보행자,남,58세,경상
561,2021080200100572,2021년 8월 2일 23시,월요일,충청북도 음성군 대소면,사망사고,1,0,0,0,차대사람 - 기타,안전운전불이행,포장 - 건조,흐림,교차로 - 교차로부근,승용,남,55세,상해없음,보행자,남,42세,사망
562,2021080300100075,2021년 8월 3일 09시,화요일,충청북도 충주시 충의동,중상사고,0,1,0,0,차대사람 - 기타,안전운전불이행,포장 - 건조,맑음,단일로 - 기타,승용,남,90세,상해없음,보행자,남,63세,중상
563,2021080300100108,2021년 8월 3일 10시,화요일,충청북도 청주시 서원구 모충동,경상사고,0,0,1,0,차대사람 - 차도통행중,안전운전불이행,포장 - 건조,맑음,단일로 - 기타,승용,남,65세,상해없음,보행자,남,53세,경상
564,2021080300100237,2021년 8월 3일 14시,화요일,충청북도 단양군 단양읍,중상사고,0,1,0,0,차대사람 - 기타,안전운전불이행,포장 - 건조,맑음,단일로 - 기타,승용,남,53세,기타불명,보행자,여,58세,중상
565,2021080400100526,2021년 8월 4일 20시,수요일,충청북도 청주시 흥덕구 가경동,경상사고,0,0,1,0,차대사람 - 기타,안전운전불이행,포장 - 건조,맑음,교차로 - 교차로안,화물,남,58세,상해없음,보행자,남,39세,경상
566,2021080500100048,2021년 8월 5일 07시,목요일,충청북도 충주시 살미면,경상사고,0,0,1,0,차대사람 - 보도통행중,안전운전불이행,포장 - 건조,맑음,단일로 - 기타,기타불명,기타불명,미분류,기타불명,보행자,여,63세,경상
567,2021080500100595,2021년 8월 5일 22시,목요일,충청북도 청주시 흥덕구 가경동,경상사고,0,0,1,0,차대사람 - 기타,안전운전불이행,포장 - 건조,맑음,단일로 - 기타,승용,남,61세,상해없음,보행자,여,45세,경상
568,2021080700100022,2021년 8월 7일 03시,토요일,충청북도 청주시 청원구 내수읍,중상사고,0,1,0,0,차대사람 - 횡단중,안전운전불이행,포장 - 건조,맑음,단일로 - 기타,승용,남,50세,상해없음,보행자,남,35세,중상
569,2021080700100111,2021년 8월 7일 10시,토요일,충청북도 청주시 흥덕구 오송읍,중상사고,0,1,0,0,차대사람 - 횡단중,신호위반,포장 - 건조,맑음,교차로 - 교차로횡단보도내,승용,여,50세,상해없음,보행자,여,44세,중상
570,2021080700100439,2021년 8월 7일 19시,토요일,충청북도 제천시 남천동,경상사고,0,0,1,0,차대사람 - 기타,안전운전불이행,포장 - 건조,맑음,주차장 - 주차장,승용,여,18세,상해없음,보행자,남,38세,경상
571,2021080700100506,2021년 8월 7일 21시,토요일,충청북도 충주시 대소원면,사망사고,1,0,0,0,차대사람 - 차도통행중,안전운전불이행,포장 - 건조,흐림,단일로 - 기타,화물,남,63세,상해없음,보행자,여,48세,사망
572,2021080800100410,2021년 8월 8일 22시,일요일,충청북도 영동군 영동읍,중상사고,0,1,0,0,차대사람 - 기타,안전운전불이행,포장 - 건조,맑음,교차로 - 교차로부근,승용,남,31세,상해없음,보행자,남,28세,중상
573,2021080900100059,2021년 8월 9일 07시,월요일,충청북도 증평군 증평읍,중상사고,0,1,0,0,차대사람 - 기타,안전운전불이행,포장 - 건조,맑음,단일로 - 기타,승합,남,50세,상해없음,보행자,남,54세,중상
574,2021080900100090,2021년 8월 9일 08시,월요일,충청북도 보은군 탄부면,경상사고,0,0,1,0,차대사람 - 길가장자리구역통행중,안전운전불이행,포장 - 건조,맑음,단일로 - 기타,승용,남,36세,상해없음,보행자,남,81세,경상
575,2021080900100383,2021년 8월 9일 16시,월요일,충청북도 청주시 청원구 내덕동,중상사고,0,1,0,0,차대사람 - 기타,안전운전불이행,포장 - 건조,맑음,단일로 - 기타,승용,여,59세,상해없음,보행자,남,69세,중상
576,2021080900100473,2021년 8월 9일 18시,월요일,충청북도 청주시 흥덕구 가경동,중상사고,0,1,1,0,차대사람 - 횡단중,신호위반,포장 - 건조,맑음,교차로 - 교차로횡단보도내,이륜,남,58세,중상,보행자,여,22세,경상
577,2021080900100593,2021년 8월 9일 22시,월요일,충청북도 청주시 흥덕구 봉명동,경상사고,0,0,1,0,차대사람 - 횡단중,안전운전불이행,포장 - 건조,맑음,교차로 - 교차로안,승용,남,44세,상해없음,보행자,남,22세,경상
578,2021081000100262,2021년 8월 10일 14시,화요일,충청북도 충주시 성남동,경상사고,0,0,1,0,차대사람 - 횡단중,보행자보호의무위반,포장 - 건조,맑음,교차로 - 교차로부근,승용,여,56세,상해없음,보행자,남,17세,경상
579,2021081000100293,2021년 8월 10일 15시,화요일,충청북도 청주시 청원구 내덕동,경상사고,0,0,1,0,차대사람 - 기타,안전운전불이행,포장 - 건조,맑음,단일로 - 기타,이륜,남,17세,상해없음,보행자,남,19세,경상
580,2021081000100331,2021년 8월 10일 16시,화요일,충청북도 청주시 상당구 금천동,경상사고,0,0,1,0,차대사람 - 기타,안전운전불이행,포장 - 건조,맑음,주차장 - 주차장,승용,여,60세,상해없음,보행자,여,63세,경상
581,2021081000100479,2021년 8월 10일 20시,화요일,충청북도 제천시 청전동,중상사고,0,1,0,0,차대사람 - 횡단중,안전운전불이행,포장 - 건조,맑음,기타 - 기타,승용,남,68세,상해없음,보행자,여,76세,중상
582,2021081000100506,2021년 8월 10일 21시,화요일,충청북도 보은군 장안면,경상사고,0,0,1,0,차대사람 - 기타,안전운전불이행,포장 - 건조,맑음,단일로 - 기타,승합,남,66세,상해없음,보행자,여,18세,경상
583,2021081100100072,2021년 8월 11일 08시,수요일,충청북도 제천시 봉양읍,중상사고,0,1,0,0,차대사람 - 차도통행중,안전운전불이행,포장 - 건조,맑음,교차로 - 교차로안,화물,남,47세,상해없음,보행자,남,79세,중상
584,2021081200100251,2021년 8월 12일 13시,목요일,충청북도 충주시 교현동,중상사고,0,1,0,0,차대사람 - 기타,안전운전불이행,포장 - 건조,맑음,교차로 - 교차로안,승용,여,28세,상해없음,보행자,여,72세,중상
585,2021081200100311,2021년 8월 12일 15시,목요일,충청북도 청주시 서원구 수곡동,경상사고,0,0,1,0,차대사람 - 기타,안전운전불이행,포장 - 건조,맑음,단일로 - 기타,승합,남,48세,상해없음,보행자,남,52세,경상
586,2021081300100121,2021년 8월 13일 10시,금요일,충청북도 청주시 흥덕구 봉명동,경상사고,0,0,1,0,차대사람 - 횡단중,보행자보호의무위반,포장 - 건조,흐림,교차로 - 교차로부근,승용,남,66세,상해없음,보행자,여,48세,경상
587,2021081300100195,2021년 8월 13일 12시,금요일,충청북도 청주시 청원구 내수읍,경상사고,0,0,1,0,차대사람 - 기타,안전운전불이행,포장 - 건조,맑음,주차장 - 주차장,승용,남,61세,상해없음,보행자,남,66세,경상
588,2021081300100197,2021년 8월 13일 12시,금요일,충청북도 청주시 흥덕구 가경동,경상사고,0,0,1,0,차대사람 - 보도통행중,기타,포장 - 건조,맑음,기타 - 기타,승용,남,57세,상해없음,보행자,여,64세,경상
589,2021081300100226,2021년 8월 13일 13시,금요일,충청북도 청주시 흥덕구 가경동,부상신고사고,0,0,0,1,차대사람 - 차도통행중,안전운전불이행,포장 - 건조,맑음,단일로 - 기타,승용,남,71세,상해없음,보행자,여,91세,부상신고
590,2021081400100134,2021년 8월 14일 11시,토요일,충청북도 청주시 흥덕구 복대동,경상사고,0,0,1,0,차대사람 - 보도통행중,기타,포장 - 건조,맑음,기타 - 기타,화물,남,49세,상해없음,보행자,여,65세,경상
591,2021081600100274,2021년 8월 16일 16시,월요일,충청북도 충주시 중앙탑면,사망사고,1,0,0,0,차대사람 - 기타,안전운전불이행,포장 - 건조,맑음,단일로 - 기타,승용,여,37세,상해없음,보행자,남,64세,사망
592,2021081600100374,2021년 8월 16일 19시,월요일,충청북도 청주시 청원구 오창읍,중상사고,0,1,0,0,차대사람 - 기타,안전운전불이행,포장 - 건조,맑음,교차로 - 교차로부근,승합,남,23세,상해없음,보행자,남,5세,중상
593,2021081600100407,2021년 8월 16일 20시,월요일,충청북도 진천군 진천읍,중상사고,0,1,0,0,차대사람 - 기타,안전운전불이행,포장 - 건조,맑음,기타 - 기타,건설기계,남,52세,상해없음,보행자,남,61세,중상
594,2021081700100023,2021년 8월 17일 05시,화요일,충청북도 옥천군 옥천읍,중상사고,0,1,0,0,차대사람 - 횡단중,안전운전불이행,포장 - 건조,맑음,교차로 - 교차로안,승용,남,70세,상해없음,보행자,여,79세,중상
595,2021081700100074,2021년 8월 17일 08시,화요일,충청북도 제천시 백운면,중상사고,0,2,0,0,차대사람 - 기타,안전운전불이행,포장 - 건조,맑음,기타 - 기타,화물,남,65세,상해없음,보행자,남,63세,중상
596,2021081700100320,2021년 8월 17일 15시,화요일,충청북도 청주시 서원구 개신동,경상사고,0,0,1,0,차대사람 - 기타,안전운전불이행,포장 - 건조,맑음,단일로 - 기타,승용,남,42세,상해없음,보행자,남,12세,경상
597,2021081800100294,2021년 8월 18일 15시,수요일,충청북도 음성군 금왕읍,중상사고,0,1,0,0,차대사람 - 차도통행중,안전운전불이행,포장 - 건조,맑음,미분류 - 미분류,승용,여,31세,상해없음,보행자,남,4세,중상
598,2021081800100426,2021년 8월 18일 18시,수요일,충청북도 청주시 서원구 수곡동,경상사고,0,0,1,0,차대사람 - 기타,기타,포장 - 건조,맑음,기타 - 기타,이륜,남,66세,상해없음,보행자,여,9세,경상
599,2021081800100505,2021년 8월 18일 20시,수요일,충청북도 청주시 서원구 수곡동,중상사고,0,1,0,0,차대사람 - 기타,안전운전불이행,포장 - 건조,맑음,기타 - 기타,승용,여,71세,상해없음,보행자,남,57세,중상
600,2021081900100017,2021년 8월 19일 05시,목요일,충청북도 옥천군 옥천읍,중상사고,0,1,0,0,차대사람 - 횡단중,안전운전불이행,포장 - 젖음/습기,비,교차로 - 교차로안,승용,남,67세,상해없음,보행자,여,67세,중상
601,2021082000100069,2021년 8월 20일 08시,금요일,충청북도 청주시 청원구 북이면,경상사고,0,0,1,0,차대사람 - 기타,안전운전불이행,포장 - 건조,맑음,기타 - 기타,승용,남,26세,상해없음,보행자,여,61세,경상
602,2021082000100098,2021년 8월 20일 09시,금요일,충청북도 청주시 흥덕구 봉명동,중상사고,0,1,0,0,차대사람 - 보도통행중,보행자보호의무위반,포장 - 건조,맑음,교차로 - 교차로횡단보도내,화물,남,49세,상해없음,보행자,남,84세,중상
603,2021082000100121,2021년 8월 20일 10시,금요일,충청북도 청주시 흥덕구 가경동,중상사고,0,1,0,0,차대사람 - 기타,안전운전불이행,포장 - 건조,맑음,교차로 - 교차로안,승용,남,66세,상해없음,보행자,여,74세,중상
604,2021082000100122,2021년 8월 20일 10시,금요일,충청북도 청주시 서원구 산남동,중상사고,0,1,0,0,차대사람 - 기타,안전운전불이행,포장 - 건조,맑음,단일로 - 기타,승용,여,52세,상해없음,보행자,여,67세,중상
605,2021082000100283,2021년 8월 20일 14시,금요일,충청북도 음성군 음성읍,중상사고,0,1,0,0,차대사람 - 횡단중,안전운전불이행,포장 - 건조,맑음,교차로 - 교차로부근,승용,남,59세,상해없음,보행자,남,46세,중상
606,2021082000100325,2021년 8월 20일 15시,금요일,충청북도 청주시 서원구 수곡동,경상사고,0,0,1,0,차대사람 - 횡단중,보행자보호의무위반,포장 - 건조,맑음,교차로 - 교차로횡단보도내,화물,남,52세,상해없음,보행자,남,22세,경상
607,2021082000100361,2021년 8월 20일 16시,금요일,충청북도 청주시 상당구 용암동,경상사고,0,0,1,0,차대사람 - 기타,안전운전불이행,포장 - 건조,맑음,기타 - 기타,기타불명,남,8세,기타불명,보행자,여,49세,경상
608,2021082000100615,2021년 8월 20일 22시,금요일,충청북도 청주시 청원구 내덕동,경상사고,0,0,1,0,차대사람 - 기타,안전운전불이행,포장 - 건조,맑음,교차로 - 교차로부근,승용,남,54세,상해없음,보행자,남,33세,경상
609,2021082100100030,2021년 8월 21일 05시,토요일,충청북도 청주시 청원구 우암동,중상사고,0,1,0,0,차대사람 - 기타,안전운전불이행,포장 - 건조,맑음,단일로 - 기타,승합,남,60세,상해없음,보행자,남,43세,중상
610,2021082100100282,2021년 8월 21일 15시,토요일,충청북도 청주시 상당구 용암동,중상사고,0,1,0,0,차대사람 - 기타,안전운전불이행,포장 - 젖음/습기,비,단일로 - 기타,승용,남,66세,상해없음,보행자,여,75세,중상
611,2021082100100432,2021년 8월 21일 20시,토요일,충청북도 청주시 서원구 사창동,경상사고,0,0,1,0,차대사람 - 기타,안전운전불이행,포장 - 건조,맑음,단일로 - 기타,승용,남,20세,상해없음,보행자,여,29세,경상
612,2021082200100238,2021년 8월 22일 16시,일요일,충청북도 옥천군 옥천읍,경상사고,0,0,1,0,차대사람 - 보도통행중,안전운전불이행,포장 - 건조,맑음,단일로 - 기타,승용,남,58세,상해없음,보행자,남,83세,경상
613,2021082200100314,2021년 8월 22일 19시,일요일,충청북도 청주시 상당구 용담동,중상사고,0,1,0,0,차대사람 - 기타,보행자보호의무위반,포장 - 건조,맑음,교차로 - 교차로횡단보도내,승용,남,43세,상해없음,보행자,여,56세,중상
614,2021082300100328,2021년 8월 23일 16시,월요일,충청북도 청주시 흥덕구 가경동,경상사고,0,0,1,0,차대사람 - 기타,안전운전불이행,포장 - 젖음/습기,비,기타 - 기타,승용,여,57세,상해없음,보행자,여,14세,경상
615,2021082400100141,2021년 8월 24일 11시,화요일,충청북도 청주시 서원구 수곡동,경상사고,0,0,1,0,차대사람 - 횡단중,보행자보호의무위반,포장 - 건조,맑음,단일로 - 기타,승용,여,52세,상해없음,보행자,남,59세,경상
616,2021082400100212,2021년 8월 24일 13시,화요일,충청북도 증평군 증평읍,중상사고,0,1,0,0,차대사람 - 횡단중,과속,포장 - 젖음/습기,비,교차로 - 교차로안,승용,여,34세,상해없음,보행자,남,79세,중상